{
  "best_metric": 8.54171085357666,
  "best_model_checkpoint": "/content/drive/MyDrive/Translation/saved_models/mbart/checkpoint-32",
  "epoch": 1.0,
  "eval_steps": 500,
  "global_step": 32,
  "is_hyper_param_search": false,
  "is_local_process_zero": true,
  "is_world_process_zero": true,
  "log_history": [
    {
      "epoch": 1.0,
      "eval_bleu": 0.11905961798488476,
      "eval_chrf": 7.1832868542439225,
      "eval_loss": 8.54171085357666,
      "eval_meteor": 0.22327412592350326,
      "eval_runtime": 14.9065,
      "eval_samples_per_second": 3.555,
      "eval_steps_per_second": 0.47,
      "step": 32
    }
  ],
  "logging_steps": 100,
  "max_steps": 32,
  "num_input_tokens_seen": 0,
  "num_train_epochs": 1,
  "save_steps": 500,
  "stateful_callbacks": {
    "EarlyStoppingCallback": {
      "args": {
        "early_stopping_patience": 5,
        "early_stopping_threshold": 0.0
      },
      "attributes": {
        "early_stopping_patience_counter": 0
      }
    },
    "TrainerControl": {
      "args": {
        "should_epoch_stop": false,
        "should_evaluate": false,
        "should_log": false,
        "should_save": true,
        "should_training_stop": true
      },
      "attributes": {}
    }
  },
  "total_flos": 11904399360000.0,
  "train_batch_size": 8,
  "trial_name": null,
  "trial_params": null
}
